{
  "LOOKBACK_SIGNAL": 189,
  "LOOKBACK_VOL": 42,
  "MOMENTUM_WINDOW": 483,
  "MOMENTUM_SKIP": 35,
  "MAX_CREDIT_ALLOC": 0.8,
  "MAX_TIP_ALLOC": 0.2,
  "SIGNAL_BLEND": 0.2,
  "VOL_TARGET": 0.15,
  "MAX_LEVERAGE": 1.75,
  "VIX_RISK_OFF": 38.0,
  "VIX_RISK_ON": 17.0,
  "DD_THRESHOLD": -0.03,
  "DD_SCALE": 0.30000000000000004,
  "TRAILING_STOP_PCT": 0.03,
  "TRAILING_STOP_WINDOW": 21,
  "MAX_ALT_ALLOC": 0.6,
  "W_DURATION_2S10S": 0.15000000000000002,
  "W_DURATION_10Y3M": 0.25,
  "W_DURATION_FED": 0.3,
  "W_DURATION_REALYLD": 0.2,
  "W_DURATION_LABOR": 0.2,
  "W_DURATION_ISM": 0.15000000000000002,
  "W_CREDIT_HYOAS": 0.30000000000000004,
  "W_CREDIT_IGMOM": 0.1,
  "W_CREDIT_VIX": 0.45000000000000007,
  "W_CREDIT_FEDQT": 0.35,
  "W_CREDIT_TED": 0.15000000000000002,
  "W_INFLATION_BEI": 0.6000000000000001,
  "W_INFLATION_CPI": 0.30000000000000004
}